{
  "auth" : {
    "transaction" : "auth",
    "sampleCount" : 800,
    "errorCount" : 0,
    "errorPct" : 0.0,
    "meanResTime" : 5689.3825,
    "medianResTime" : 3607.0,
    "minResTime" : 1074.0,
    "maxResTime" : 57327.0,
    "pct1ResTime" : 13247.9,
    "pct2ResTime" : 16783.249999999996,
    "pct3ResTime" : 30807.58,
    "throughput" : 13.336222848283796,
    "receivedKBytesPerSec" : 10.136571257105706,
    "sentKBytesPerSec" : 3.1517245403170686
  },
  "Total" : {
    "transaction" : "Total",
    "sampleCount" : 2400,
    "errorCount" : 0,
    "errorPct" : 0.0,
    "meanResTime" : 5785.439166666676,
    "medianResTime" : 3177.5,
    "minResTime" : 245.0,
    "maxResTime" : 57327.0,
    "pct1ResTime" : 15574.7,
    "pct2ResTime" : 19704.69999999999,
    "pct3ResTime" : 29411.85,
    "throughput" : 36.994219653179194,
    "receivedKBytesPerSec" : 691.4840438342967,
    "sentKBytesPerSec" : 10.163776493256263
  },
  "GetBooking" : {
    "transaction" : "GetBooking",
    "sampleCount" : 800,
    "errorCount" : 0,
    "errorPct" : 0.0,
    "meanResTime" : 11258.22125,
    "medianResTime" : 9678.0,
    "minResTime" : 551.0,
    "maxResTime" : 53949.0,
    "pct1ResTime" : 21351.399999999998,
    "pct2ResTime" : 26298.999999999985,
    "pct3ResTime" : 29663.370000000003,
    "throughput" : 13.036322453435886,
    "receivedKBytesPerSec" : 708.9910904883733,
    "sentKBytesPerSec" : 1.7441173594928872
  },
  "CreateBooking" : {
    "transaction" : "CreateBooking",
    "sampleCount" : 800,
    "errorCount" : 0,
    "errorPct" : 0.0,
    "meanResTime" : 408.71374999999966,
    "medianResTime" : 275.0,
    "minResTime" : 245.0,
    "maxResTime" : 18819.0,
    "pct1ResTime" : 802.9,
    "pct2ResTime" : 1011.8999999999944,
    "pct3ResTime" : 2271.430000000003,
    "throughput" : 12.965333938382251,
    "receivedKBytesPerSec" : 12.046555171547574,
    "sentKBytesPerSec" : 5.887578399753658
  }
}