{
  "auth" : {
    "transaction" : "auth",
    "sampleCount" : 200,
    "errorCount" : 0,
    "errorPct" : 0.0,
    "meanResTime" : 5429.524999999999,
    "medianResTime" : 5124.0,
    "minResTime" : 1137.0,
    "maxResTime" : 15701.0,
    "pct1ResTime" : 9537.0,
    "pct2ResTime" : 11396.099999999997,
    "pct3ResTime" : 14898.560000000012,
    "throughput" : 12.385434728758979,
    "receivedKBytesPerSec" : 9.38922389769631,
    "sentKBytesPerSec" : 2.927026566757493
  },
  "Total" : {
    "transaction" : "Total",
    "sampleCount" : 600,
    "errorCount" : 0,
    "errorPct" : 0.0,
    "meanResTime" : 3116.80166666667,
    "medianResTime" : 2597.5,
    "minResTime" : 266.0,
    "maxResTime" : 15701.0,
    "pct1ResTime" : 7432.9,
    "pct2ResTime" : 8654.399999999996,
    "pct3ResTime" : 11867.470000000001,
    "throughput" : 28.82259691598213,
    "receivedKBytesPerSec" : 558.1315282431426,
    "sentKBytesPerSec" : 7.9187082672815485
  },
  "GetBooking" : {
    "transaction" : "GetBooking",
    "sampleCount" : 200,
    "errorCount" : 0,
    "errorPct" : 0.0,
    "meanResTime" : 3604.0099999999993,
    "medianResTime" : 3435.5,
    "minResTime" : 910.0,
    "maxResTime" : 8509.0,
    "pct1ResTime" : 5701.0,
    "pct2ResTime" : 6605.699999999998,
    "pct3ResTime" : 7991.9,
    "throughput" : 15.46551190844417,
    "receivedKBytesPerSec" : 872.3653503663393,
    "sentKBytesPerSec" : 2.0691163393133314
  },
  "CreateBooking" : {
    "transaction" : "CreateBooking",
    "sampleCount" : 200,
    "errorCount" : 0,
    "errorPct" : 0.0,
    "meanResTime" : 316.86999999999983,
    "medianResTime" : 277.0,
    "minResTime" : 266.0,
    "maxResTime" : 1961.0,
    "pct1ResTime" : 298.0,
    "pct2ResTime" : 328.89999999999975,
    "pct3ResTime" : 1183.6200000000003,
    "throughput" : 16.276041666666668,
    "receivedKBytesPerSec" : 15.102386474609375,
    "sentKBytesPerSec" : 7.3909759521484375
  }
}