{
  "auth" : {
    "transaction" : "auth",
    "sampleCount" : 800,
    "errorCount" : 0,
    "errorPct" : 0.0,
    "meanResTime" : 5546.782500000002,
    "medianResTime" : 3814.5,
    "minResTime" : 1108.0,
    "maxResTime" : 31232.0,
    "pct1ResTime" : 12444.49999999999,
    "pct2ResTime" : 16352.599999999999,
    "pct3ResTime" : 28377.220000000012,
    "throughput" : 21.785305811230323,
    "receivedKBytesPerSec" : 16.50087992211753,
    "sentKBytesPerSec" : 5.148480474919666
  },
  "Total" : {
    "transaction" : "Total",
    "sampleCount" : 2400,
    "errorCount" : 0,
    "errorPct" : 0.0,
    "meanResTime" : 5117.312083333326,
    "medianResTime" : 3394.5,
    "minResTime" : 244.0,
    "maxResTime" : 48555.0,
    "pct1ResTime" : 14041.2,
    "pct2ResTime" : 17287.39999999999,
    "pct3ResTime" : 27178.199999999983,
    "throughput" : 45.35147392290249,
    "receivedKBytesPerSec" : 682.328961315429,
    "sentKBytesPerSec" : 12.459845049130763
  },
  "GetBooking" : {
    "transaction" : "GetBooking",
    "sampleCount" : 800,
    "errorCount" : 0,
    "errorPct" : 0.0,
    "meanResTime" : 9421.25499999999,
    "medianResTime" : 7576.0,
    "minResTime" : 1232.0,
    "maxResTime" : 48555.0,
    "pct1ResTime" : 17854.1,
    "pct2ResTime" : 22232.099999999988,
    "pct3ResTime" : 28833.82,
    "throughput" : 16.464970774676875,
    "receivedKBytesPerSec" : 715.4036434214723,
    "sentKBytesPerSec" : 2.2028330040339177
  },
  "CreateBooking" : {
    "transaction" : "CreateBooking",
    "sampleCount" : 800,
    "errorCount" : 0,
    "errorPct" : 0.0,
    "meanResTime" : 383.8987500000003,
    "medianResTime" : 272.0,
    "minResTime" : 244.0,
    "maxResTime" : 8514.0,
    "pct1ResTime" : 810.9,
    "pct2ResTime" : 1042.8999999999999,
    "pct3ResTime" : 2372.010000000001,
    "throughput" : 16.837497106055185,
    "receivedKBytesPerSec" : 15.635112363984595,
    "sentKBytesPerSec" : 7.645933744448888
  }
}