{
  "auth" : {
    "transaction" : "auth",
    "sampleCount" : 600,
    "errorCount" : 0,
    "errorPct" : 0.0,
    "meanResTime" : 7758.748333333338,
    "medianResTime" : 5634.5,
    "minResTime" : 1182.0,
    "maxResTime" : 63305.0,
    "pct1ResTime" : 16973.4,
    "pct2ResTime" : 19491.999999999996,
    "pct3ResTime" : 38702.560000000034,
    "throughput" : 8.374858674259873,
    "receivedKBytesPerSec" : 6.350007589715673,
    "sentKBytesPerSec" : 1.9792146476278212
  },
  "Total" : {
    "transaction" : "Total",
    "sampleCount" : 1800,
    "errorCount" : 0,
    "errorPct" : 0.0,
    "meanResTime" : 5161.466666666679,
    "medianResTime" : 3793.5,
    "minResTime" : 267.0,
    "maxResTime" : 63305.0,
    "pct1ResTime" : 11806.500000000004,
    "pct2ResTime" : 16974.199999999997,
    "pct3ResTime" : 32105.440000000002,
    "throughput" : 24.5572866926792,
    "receivedKBytesPerSec" : 237.53175446891456,
    "sentKBytesPerSec" : 6.746858713743895
  },
  "GetBooking" : {
    "transaction" : "GetBooking",
    "sampleCount" : 600,
    "errorCount" : 0,
    "errorPct" : 0.0,
    "meanResTime" : 7323.158333333342,
    "medianResTime" : 5497.0,
    "minResTime" : 890.0,
    "maxResTime" : 60843.0,
    "pct1ResTime" : 14129.499999999998,
    "pct2ResTime" : 17122.499999999985,
    "pct3ResTime" : 34816.11000000006,
    "throughput" : 8.762833900483416,
    "receivedKBytesPerSec" : 239.4967651679178,
    "sentKBytesPerSec" : 1.1723713323888945
  },
  "CreateBooking" : {
    "transaction" : "CreateBooking",
    "sampleCount" : 600,
    "errorCount" : 0,
    "errorPct" : 0.0,
    "meanResTime" : 402.4933333333331,
    "medianResTime" : 297.0,
    "minResTime" : 267.0,
    "maxResTime" : 2856.0,
    "pct1ResTime" : 891.6999999999999,
    "pct2ResTime" : 1116.85,
    "pct3ResTime" : 1627.5100000000004,
    "throughput" : 9.094078239386453,
    "receivedKBytesPerSec" : 8.443638502811586,
    "sentKBytesPerSec" : 4.129635138002637
  }
}