{
  "auth" : {
    "transaction" : "auth",
    "sampleCount" : 500,
    "errorCount" : 0,
    "errorPct" : 0.0,
    "meanResTime" : 1589.4480000000003,
    "medianResTime" : 1079.0,
    "minResTime" : 992.0,
    "maxResTime" : 5183.0,
    "pct1ResTime" : 3356.7000000000003,
    "pct2ResTime" : 3569.85,
    "pct3ResTime" : 4982.760000000006,
    "throughput" : 48.94283476898982,
    "receivedKBytesPerSec" : 37.01110696456539,
    "sentKBytesPerSec" : 11.566568373140173
  },
  "Total" : {
    "transaction" : "Total",
    "sampleCount" : 1500,
    "errorCount" : 0,
    "errorPct" : 0.0,
    "meanResTime" : 713.365999999999,
    "medianResTime" : 276.0,
    "minResTime" : 245.0,
    "maxResTime" : 5183.0,
    "pct1ResTime" : 1205.7000000000003,
    "pct2ResTime" : 2929.1500000000005,
    "pct3ResTime" : 3648.94,
    "throughput" : 139.65180150823943,
    "receivedKBytesPerSec" : 506.0625792814915,
    "sentKBytesPerSec" : 38.36787775812308
  },
  "GetBooking" : {
    "transaction" : "GetBooking",
    "sampleCount" : 500,
    "errorCount" : 0,
    "errorPct" : 0.0,
    "meanResTime" : 282.94800000000026,
    "medianResTime" : 264.0,
    "minResTime" : 248.0,
    "maxResTime" : 521.0,
    "pct1ResTime" : 375.80000000000007,
    "pct2ResTime" : 391.0,
    "pct3ResTime" : 397.99,
    "throughput" : 74.09602845287493,
    "receivedKBytesPerSec" : 680.9918505946206,
    "sentKBytesPerSec" : 9.913238181683461
  },
  "CreateBooking" : {
    "transaction" : "CreateBooking",
    "sampleCount" : 500,
    "errorCount" : 0,
    "errorPct" : 0.0,
    "meanResTime" : 267.7019999999998,
    "medianResTime" : 261.0,
    "minResTime" : 245.0,
    "maxResTime" : 399.0,
    "pct1ResTime" : 288.0,
    "pct2ResTime" : 296.95,
    "pct3ResTime" : 380.99,
    "throughput" : 74.56009543692215,
    "receivedKBytesPerSec" : 68.92032321801372,
    "sentKBytesPerSec" : 33.85785583805547
  }
}