{
  "auth" : {
    "transaction" : "auth",
    "sampleCount" : 100,
    "errorCount" : 0,
    "errorPct" : 0.0,
    "meanResTime" : 5795.31,
    "medianResTime" : 6142.5,
    "minResTime" : 1229.0,
    "maxResTime" : 9267.0,
    "pct1ResTime" : 8599.9,
    "pct2ResTime" : 8631.15,
    "pct3ResTime" : 9260.869999999997,
    "throughput" : 10.601081310293651,
    "receivedKBytesPerSec" : 7.992635561327256,
    "sentKBytesPerSec" : 2.5053336690342416
  },
  "Total" : {
    "transaction" : "Total",
    "sampleCount" : 300,
    "errorCount" : 0,
    "errorPct" : 0.0,
    "meanResTime" : 2442.3466666666645,
    "medianResTime" : 1241.0,
    "minResTime" : 286.0,
    "maxResTime" : 9267.0,
    "pct1ResTime" : 8115.600000000001,
    "pct2ResTime" : 8582.65,
    "pct3ResTime" : 8647.93,
    "throughput" : 25.616941337204338,
    "receivedKBytesPerSec" : 222.91475429083766,
    "sentKBytesPerSec" : 7.037987789257962
  },
  "GetBooking" : {
    "transaction" : "GetBooking",
    "sampleCount" : 100,
    "errorCount" : 0,
    "errorPct" : 0.0,
    "meanResTime" : 1232.9999999999998,
    "medianResTime" : 1319.0,
    "minResTime" : 576.0,
    "maxResTime" : 2598.0,
    "pct1ResTime" : 2464.5000000000014,
    "pct2ResTime" : 2528.85,
    "pct3ResTime" : 2597.49,
    "throughput" : 37.16090672612412,
    "receivedKBytesPerSec" : 907.6377276105537,
    "sentKBytesPerSec" : 4.97172287253809
  },
  "CreateBooking" : {
    "transaction" : "CreateBooking",
    "sampleCount" : 100,
    "errorCount" : 0,
    "errorPct" : 0.0,
    "meanResTime" : 298.72999999999996,
    "medianResTime" : 299.0,
    "minResTime" : 286.0,
    "maxResTime" : 317.0,
    "pct1ResTime" : 306.0,
    "pct2ResTime" : 307.95,
    "pct3ResTime" : 316.93999999999994,
    "throughput" : 41.44218814753419,
    "receivedKBytesPerSec" : 38.41982231661832,
    "sentKBytesPerSec" : 18.818962391214257
  }
}