{
  "auth" : {
    "transaction" : "auth",
    "sampleCount" : 400,
    "errorCount" : 0,
    "errorPct" : 0.0,
    "meanResTime" : 1098.072499999999,
    "medianResTime" : 1004.0,
    "minResTime" : 966.0,
    "maxResTime" : 1998.0,
    "pct1ResTime" : 1433.9,
    "pct2ResTime" : 1891.1999999999998,
    "pct3ResTime" : 1991.5800000000004,
    "throughput" : 37.52697251149264,
    "receivedKBytesPerSec" : 28.52196500609813,
    "sentKBytesPerSec" : 8.868679050567595
  },
  "Total" : {
    "transaction" : "Total",
    "sampleCount" : 1200,
    "errorCount" : 0,
    "errorPct" : 0.0,
    "meanResTime" : 535.5333333333342,
    "medianResTime" : 255.0,
    "minResTime" : 240.0,
    "maxResTime" : 1998.0,
    "pct1ResTime" : 1030.0,
    "pct2ResTime" : 1122.1000000000008,
    "pct3ResTime" : 1930.0,
    "throughput" : 107.35373054213635,
    "receivedKBytesPerSec" : 327.1599696390231,
    "sentKBytesPerSec" : 29.494319198425476
  },
  "GetBooking" : {
    "transaction" : "GetBooking",
    "sampleCount" : 400,
    "errorCount" : 0,
    "errorPct" : 0.0,
    "meanResTime" : 256.5075,
    "medianResTime" : 250.0,
    "minResTime" : 241.0,
    "maxResTime" : 631.0,
    "pct1ResTime" : 270.90000000000003,
    "pct2ResTime" : 282.95,
    "pct3ResTime" : 301.99,
    "throughput" : 45.423574835339544,
    "receivedKBytesPerSec" : 338.64450552180335,
    "sentKBytesPerSec" : 6.077177492618669
  },
  "CreateBooking" : {
    "transaction" : "CreateBooking",
    "sampleCount" : 400,
    "errorCount" : 0,
    "errorPct" : 0.0,
    "meanResTime" : 252.01999999999995,
    "medianResTime" : 248.0,
    "minResTime" : 240.0,
    "maxResTime" : 898.0,
    "pct1ResTime" : 259.0,
    "pct2ResTime" : 264.0,
    "pct3ResTime" : 285.98,
    "throughput" : 45.40295119182747,
    "receivedKBytesPerSec" : 42.09704880817253,
    "sentKBytesPerSec" : 20.61755107832009
  }
}