{
  "auth" : {
    "transaction" : "auth",
    "sampleCount" : 500,
    "errorCount" : 0,
    "errorPct" : 0.0,
    "meanResTime" : 1525.5239999999994,
    "medianResTime" : 1286.5,
    "minResTime" : 1076.0,
    "maxResTime" : 3693.0,
    "pct1ResTime" : 2271.5,
    "pct2ResTime" : 2319.9,
    "pct3ResTime" : 3108.6100000000015,
    "throughput" : 46.646142364026495,
    "receivedKBytesPerSec" : 35.367250909599775,
    "sentKBytesPerSec" : 11.02379536337345
  },
  "Total" : {
    "transaction" : "Total",
    "sampleCount" : 1500,
    "errorCount" : 0,
    "errorPct" : 0.0,
    "meanResTime" : 780.3573333333328,
    "medianResTime" : 540.0,
    "minResTime" : 266.0,
    "maxResTime" : 3693.0,
    "pct1ResTime" : 1700.3000000000006,
    "pct2ResTime" : 2199.6500000000005,
    "pct3ResTime" : 2733.87,
    "throughput" : 129.99393361643124,
    "receivedKBytesPerSec" : 928.4939424181039,
    "sentKBytesPerSec" : 35.71447915763931
  },
  "GetBooking" : {
    "transaction" : "GetBooking",
    "sampleCount" : 500,
    "errorCount" : 0,
    "errorPct" : 0.0,
    "meanResTime" : 498.41599999999966,
    "medianResTime" : 539.0,
    "minResTime" : 270.0,
    "maxResTime" : 2540.0,
    "pct1ResTime" : 638.0,
    "pct2ResTime" : 807.0,
    "pct3ResTime" : 1314.8000000000002,
    "throughput" : 55.691690799732676,
    "receivedKBytesPerSec" : 1099.4484999791157,
    "sentKBytesPerSec" : 7.450939101136111
  },
  "CreateBooking" : {
    "transaction" : "CreateBooking",
    "sampleCount" : 500,
    "errorCount" : 0,
    "errorPct" : 0.0,
    "meanResTime" : 317.1319999999999,
    "medianResTime" : 313.0,
    "minResTime" : 266.0,
    "maxResTime" : 1275.0,
    "pct1ResTime" : 328.0,
    "pct2ResTime" : 338.0,
    "pct3ResTime" : 834.7400000000002,
    "throughput" : 56.01613264620211,
    "receivedKBytesPerSec" : 51.976406705131076,
    "sentKBytesPerSec" : 25.437013359847636
  }
}